deviceID,patchID,gameID,encounterLevel,roomName,turnID,castOrder,cardColor,cardName,heldFlag,replacedFlag,unplayedFlag,castFlag,casterName,targetCount,targetName,vitDamageDone,shieldDamageDone,manaGenerated,manaUsed
5217568a360e91b47585f724a5c2bb04871b99c7,0.4.3.2,9/12/2020 7:22:23 PM,0,missing,0,0,Blue,Cure,False,True,False,False,None,None,None,None,None,0,1
5217568a360e91b47585f724a5c2bb04871b99c7,0.4.3.2,9/12/2020 7:22:23 PM,0,missing,0,0,Green,Arrow Storm,False,True,False,False,None,None,None,None,None,0,3
5217568a360e91b47585f724a5c2bb04871b99c7,0.4.3.2,9/12/2020 7:22:23 PM,0,missing,0,1,Red,Swing,False,False,False,True,Berzerker,1,|Space Denyer(Clone)|,1,1,1,0
5217568a360e91b47585f724a5c2bb04871b99c7,0.4.3.2,9/12/2020 7:22:23 PM,0,missing,0,2,Blue,Thunder,False,False,False,True,Mage,1,|Space Denyer(Clone)|,7,0,1,0
5217568a360e91b47585f724a5c2bb04871b99c7,0.4.3.2,9/12/2020 7:22:23 PM,0,missing,0,3,Blue,Thunder,False,False,False,True,Mage,1,|Space Denyer(Clone)|,7,0,1,0
5217568a360e91b47585f724a5c2bb04871b99c7,0.4.3.2,9/12/2020 7:22:23 PM,0,missing,0,4,Blue,Fireball,False,False,False,True,Mage,1,|Space Denyer(Clone)|,11,1,0,3
5217568a360e91b47585f724a5c2bb04871b99c7,0.4.3.2,9/12/2020 7:22:23 PM,0,missing,0,4,Green,Wind Walk,False,False,True,False,None,None,None,None,None,0,0
5217568a360e91b47585f724a5c2bb04871b99c7,0.4.3.2,9/12/2020 7:22:23 PM,0,missing,0,4,Red,Hunker Down,False,False,True,False,None,None,None,None,None,0,2
5217568a360e91b47585f724a5c2bb04871b99c7,0.4.3.2,9/12/2020 7:22:23 PM,0,missing,0,4,Red,Hunker Down,False,False,True,False,None,None,None,None,None,0,2
5217568a360e91b47585f724a5c2bb04871b99c7,0.4.3.2,9/12/2020 7:22:23 PM,0,missing,1,0,Enemy,Spreading Spores,False,False,False,True,Space Denyer(Clone),4,|Space Denyer(Clone)|,0,0,0,3
5217568a360e91b47585f724a5c2bb04871b99c7,0.4.3.2,9/12/2020 7:22:23 PM,0,missing,1,0,Blue,Cure,False,True,False,False,None,None,None,None,None,0,1
5217568a360e91b47585f724a5c2bb04871b99c7,0.4.3.2,9/12/2020 7:22:23 PM,0,missing,1,1,Green,Wind Strike,False,False,False,True,Archer,1,|Space Denyer(Clone)|Space Denyer(Clone)|,1,1,1,0
5217568a360e91b47585f724a5c2bb04871b99c7,0.4.3.2,9/12/2020 7:22:23 PM,0,missing,1,2,Green,Wind Strike,False,False,False,True,Archer,1,|Bombs(Clone)|Space Denyer(Clone)|Bombs(Clone)|Space Denyer(Clone)|,3,1,1,0
5217568a360e91b47585f724a5c2bb04871b99c7,0.4.3.2,9/12/2020 7:22:23 PM,0,missing,1,2,Green,Wind Walk,False,True,False,False,None,None,None,None,None,0,0
5217568a360e91b47585f724a5c2bb04871b99c7,0.4.3.2,9/12/2020 7:22:23 PM,0,missing,1,3,Red,Defend,False,False,False,True,Berzerker,1,|Berzerker|,0,0,1,0
5217568a360e91b47585f724a5c2bb04871b99c7,0.4.3.2,9/12/2020 7:22:23 PM,0,missing,1,3,Red,Defend,False,False,True,False,None,None,None,None,None,1,0
5217568a360e91b47585f724a5c2bb04871b99c7,0.4.3.2,9/12/2020 7:22:23 PM,0,missing,1,3,Red,Defend,False,False,True,False,None,None,None,None,None,1,0
5217568a360e91b47585f724a5c2bb04871b99c7,0.4.3.2,9/12/2020 7:22:23 PM,0,missing,2,0,Enemy,Explode,False,False,False,True,Bombs(Clone),2,|Bombs(Clone)|Space Denyer(Clone)|,20,0,1,0
5217568a360e91b47585f724a5c2bb04871b99c7,0.4.3.2,9/12/2020 7:22:23 PM,0,missing,2,0,Enemy,Explode,False,False,False,True,Bombs(Clone),1,|Bombs(Clone)|,10,0,1,0
5217568a360e91b47585f724a5c2bb04871b99c7,0.4.3.2,9/12/2020 7:22:23 PM,0,missing,2,0,Enemy,Spreading Spores,False,False,False,True,Space Denyer(Clone),5,|Space Denyer(Clone)|,0,0,0,3
5217568a360e91b47585f724a5c2bb04871b99c7,0.4.3.2,9/12/2020 7:22:23 PM,0,missing,2,1,Green,Wind Strike,False,False,False,True,Archer,1,|Space Denyer(Clone)|Space Denyer(Clone)|,2,1,1,0
5217568a360e91b47585f724a5c2bb04871b99c7,0.4.3.2,9/12/2020 7:22:23 PM,0,missing,2,2,Blue,Fireball,False,False,False,True,Mage,1,|Space Denyer(Clone)|,60,0,0,3
5217568a360e91b47585f724a5c2bb04871b99c7,0.4.3.2,9/12/2020 7:22:23 PM,0,missing,2,3,Red,Swing,False,False,False,True,Berzerker,1,|Space Denyer(Clone)|,24,0,1,0
5217568a360e91b47585f724a5c2bb04871b99c7,0.4.3.2,9/12/2020 7:22:23 PM,0,missing,2,3,Green,Arrow Storm,False,False,True,False,None,None,None,None,None,0,3
5217568a360e91b47585f724a5c2bb04871b99c7,0.4.3.2,9/12/2020 7:22:23 PM,0,missing,2,3,Green,Wind Walk,False,False,True,False,None,None,None,None,None,0,0
5217568a360e91b47585f724a5c2bb04871b99c7,0.4.3.2,9/12/2020 7:22:23 PM,0,missing,3,0,Enemy,Explode,False,False,False,True,Bombs(Clone),2,|Bombs(Clone)|Bombs(Clone)|,20,0,1,0
5217568a360e91b47585f724a5c2bb04871b99c7,0.4.3.2,9/12/2020 7:22:23 PM,1,missing,0,0,Green,Wind Walk,False,True,False,False,None,None,None,None,None,0,0
5217568a360e91b47585f724a5c2bb04871b99c7,0.4.3.2,9/12/2020 7:22:23 PM,1,missing,0,0,Blue,Cure,False,True,False,False,None,None,None,None,None,0,1
5217568a360e91b47585f724a5c2bb04871b99c7,0.4.3.2,9/12/2020 7:22:23 PM,1,missing,0,1,Red,Swing,False,False,False,True,Berzerker,1,|Armor Breaker(Clone)|,2,1,1,0
5217568a360e91b47585f724a5c2bb04871b99c7,0.4.3.2,9/12/2020 7:22:23 PM,1,missing,0,2,Red,Defend,False,False,False,True,Berzerker,1,|Mage|,0,0,1,0
5217568a360e91b47585f724a5c2bb04871b99c7,0.4.3.2,9/12/2020 7:22:23 PM,1,missing,0,3,Blue,Thunder,False,False,False,True,Mage,1,|Armor Breaker(Clone)|,7,0,1,0
5217568a360e91b47585f724a5c2bb04871b99c7,0.4.3.2,9/12/2020 7:22:23 PM,1,missing,0,4,Blue,Fireball,False,False,False,True,Mage,1,|Armor Breaker(Clone)|,11,1,0,3
5217568a360e91b47585f724a5c2bb04871b99c7,0.4.3.2,9/12/2020 7:22:23 PM,1,missing,0,4,Blue,Resonance,False,False,True,False,None,None,None,None,None,0,4
5217568a360e91b47585f724a5c2bb04871b99c7,0.4.3.2,9/12/2020 7:22:23 PM,1,missing,0,4,Green,Wind Walk,False,False,True,False,None,None,None,None,None,0,0
5217568a360e91b47585f724a5c2bb04871b99c7,0.4.3.2,9/12/2020 7:22:23 PM,1,missing,0,4,Red,Hunker Down,False,False,True,False,None,None,None,None,None,0,2
5217568a360e91b47585f724a5c2bb04871b99c7,0.4.3.2,9/12/2020 7:22:23 PM,1,missing,1,0,Enemy,Armor Melter,False,False,False,True,Armor Breaker(Clone),1,|Mage|,2,1,1,0
5217568a360e91b47585f724a5c2bb04871b99c7,0.4.3.2,9/12/2020 7:22:23 PM,1,missing,1,1,Blue,Thunder,False,False,False,True,Mage,1,|Armor Breaker(Clone)|,7,0,1,0
5217568a360e91b47585f724a5c2bb04871b99c7,0.4.3.2,9/12/2020 7:22:23 PM,1,missing,1,1,Red,Hunker Down,False,True,False,False,None,None,None,None,None,0,2
5217568a360e91b47585f724a5c2bb04871b99c7,0.4.3.2,9/12/2020 7:22:23 PM,1,missing,1,1,Green,Wind Walk,False,True,False,False,None,None,None,None,None,0,0
5217568a360e91b47585f724a5c2bb04871b99c7,0.4.3.2,9/12/2020 7:22:23 PM,1,missing,1,2,Green,Wind Strike,False,False,False,True,Archer,1,|Armor Breaker(Clone)|Armor Breaker(Clone)|,2,1,1,0
5217568a360e91b47585f724a5c2bb04871b99c7,0.4.3.2,9/12/2020 7:22:23 PM,1,missing,1,3,Red,Swing,False,False,False,True,Berzerker,1,|Armor Breaker(Clone)|,24,0,1,0
5217568a360e91b47585f724a5c2bb04871b99c7,0.4.3.2,9/12/2020 7:22:23 PM,1,missing,1,3,Blue,Thunder,False,False,True,False,None,None,None,None,None,1,0
5217568a360e91b47585f724a5c2bb04871b99c7,0.4.3.2,9/12/2020 7:22:23 PM,1,missing,1,3,Red,Defend,False,False,True,False,None,None,None,None,None,1,0
5217568a360e91b47585f724a5c2bb04871b99c7,0.4.3.2,9/12/2020 7:22:23 PM,1,missing,0,0,Red,Hunker Down,False,True,False,False,None,None,None,None,None,0,2
5217568a360e91b47585f724a5c2bb04871b99c7,0.4.3.2,9/12/2020 7:22:23 PM,1,missing,0,0,Red,Hunker Down,False,True,False,False,None,None,None,None,None,0,2
5217568a360e91b47585f724a5c2bb04871b99c7,0.4.3.2,9/12/2020 7:22:23 PM,1,missing,0,1,Green,Wind Strike,False,False,False,True,Archer,1,|Armor Breaker(Clone)|Armor Breaker(Clone)|,1,1,1,0
5217568a360e91b47585f724a5c2bb04871b99c7,0.4.3.2,9/12/2020 7:22:23 PM,1,missing,0,2,Red,Defend,False,False,False,True,Berzerker,1,|Mage|,0,0,1,0
5217568a360e91b47585f724a5c2bb04871b99c7,0.4.3.2,9/12/2020 7:22:23 PM,1,missing,0,3,Red,Swing,False,False,False,True,Berzerker,1,|Armor Breaker(Clone)|,4,1,1,0
5217568a360e91b47585f724a5c2bb04871b99c7,0.4.3.2,9/12/2020 7:22:23 PM,1,missing,0,4,Green,Arrow Storm,False,False,False,True,Archer,1,|Armor Breaker(Clone)|,3,1,0,3
5217568a360e91b47585f724a5c2bb04871b99c7,0.4.3.2,9/12/2020 7:22:23 PM,1,missing,0,4,Green,Wind Walk,False,False,True,False,None,None,None,None,None,0,0
5217568a360e91b47585f724a5c2bb04871b99c7,0.4.3.2,9/12/2020 7:22:23 PM,1,missing,0,4,Red,Defend,False,False,True,False,None,None,None,None,None,1,0
5217568a360e91b47585f724a5c2bb04871b99c7,0.4.3.2,9/12/2020 7:22:23 PM,1,missing,0,4,Blue,Cure,False,False,True,False,None,None,None,None,None,0,1
5217568a360e91b47585f724a5c2bb04871b99c7,0.4.3.2,9/12/2020 7:22:23 PM,1,missing,1,0,Enemy,Armor Melter,False,False,False,True,Armor Breaker(Clone),1,|Mage|,2,1,1,0
5217568a360e91b47585f724a5c2bb04871b99c7,0.4.3.2,9/12/2020 7:22:23 PM,1,missing,1,0,Blue,Resonance,False,True,False,False,None,None,None,None,None,0,4
5217568a360e91b47585f724a5c2bb04871b99c7,0.4.3.2,9/12/2020 7:22:23 PM,1,missing,1,0,Blue,Cure,False,True,False,False,None,None,None,None,None,0,1
5217568a360e91b47585f724a5c2bb04871b99c7,0.4.3.2,9/12/2020 7:22:23 PM,1,missing,1,1,Red,Swing,False,False,False,True,Berzerker,1,|Armor Breaker(Clone)|,24,0,1,0
5217568a360e91b47585f724a5c2bb04871b99c7,0.4.3.2,9/12/2020 7:22:23 PM,1,missing,1,2,Blue,Thunder,False,False,False,True,Mage,1,|Armor Breaker(Clone)|,7,0,1,0
5217568a360e91b47585f724a5c2bb04871b99c7,0.4.3.2,9/12/2020 7:22:23 PM,1,missing,1,2,Blue,Fireball,False,False,True,False,None,None,None,None,None,0,3
5217568a360e91b47585f724a5c2bb04871b99c7,0.4.3.2,9/12/2020 7:22:23 PM,1,missing,1,2,Green,Wind Walk,False,False,True,False,None,None,None,None,None,0,0
5217568a360e91b47585f724a5c2bb04871b99c7,0.4.3.2,9/12/2020 7:22:23 PM,1,missing,1,2,Blue,Fireball,False,False,True,False,None,None,None,None,None,0,3
5217568a360e91b47585f724a5c2bb04871b99c7,0.4.3.2,9/12/2020 7:22:23 PM,1,missing,2,0,Enemy,Armor Melter,False,False,False,True,Armor Breaker(Clone),1,|Mage|,2,1,1,0
5217568a360e91b47585f724a5c2bb04871b99c7,0.4.3.2,9/12/2020 7:22:23 PM,1,missing,2,1,Red,Swing,False,False,False,True,Berzerker,1,|Armor Breaker(Clone)|,2,1,1,0
5217568a360e91b47585f724a5c2bb04871b99c7,0.4.3.2,9/12/2020 7:22:23 PM,1,missing,2,1,Red,Defend,False,True,False,False,None,None,None,None,None,1,0
5217568a360e91b47585f724a5c2bb04871b99c7,0.4.3.2,9/12/2020 7:22:23 PM,1,missing,2,1,Green,Wind Walk,False,True,False,False,None,None,None,None,None,0,0
5217568a360e91b47585f724a5c2bb04871b99c7,0.4.3.2,9/12/2020 7:22:23 PM,1,missing,2,2,Green,Arrow Storm,False,False,False,True,Archer,1,|Armor Breaker(Clone)|,3,1,0,3
5217568a360e91b47585f724a5c2bb04871b99c7,0.4.3.2,9/12/2020 7:22:23 PM,1,missing,2,3,Green,Wind Strike,False,False,False,True,Archer,1,|Armor Breaker(Clone)|Armor Breaker(Clone)|,16,0,1,0
5217568a360e91b47585f724a5c2bb04871b99c7,0.4.3.2,9/12/2020 7:22:23 PM,1,missing,2,4,Green,Wind Strike,False,False,False,True,Archer,1,|Armor Breaker(Clone)|Armor Breaker(Clone)|,16,0,1,0
5217568a360e91b47585f724a5c2bb04871b99c7,0.4.3.2,9/12/2020 7:22:23 PM,1,missing,2,4,Blue,Thunder,False,False,True,False,None,None,None,None,None,1,0
5217568a360e91b47585f724a5c2bb04871b99c7,0.4.3.2,9/12/2020 7:22:23 PM,2,missing,0,1,Green,Wind Walk,False,False,False,True,Archer,1,|Archer|,0,0,0,0
5217568a360e91b47585f724a5c2bb04871b99c7,0.4.3.2,9/12/2020 7:22:23 PM,2,missing,0,2,Green,Wind Walk,False,False,False,True,Archer,1,|Berzerker|,0,0,0,0
5217568a360e91b47585f724a5c2bb04871b99c7,0.4.3.2,9/12/2020 7:22:23 PM,2,missing,0,3,Green,Wind Strike,False,False,False,True,Archer,1,|Huge Damage(Clone)|Huge Damage(Clone)|,2,1,1,0
5217568a360e91b47585f724a5c2bb04871b99c7,0.4.3.2,9/12/2020 7:22:23 PM,2,missing,0,4,Green,Wind Strike,False,False,False,True,Archer,1,|Huge Damage(Clone)|Huge Damage(Clone)|,16,0,1,0
5217568a360e91b47585f724a5c2bb04871b99c7,0.4.3.2,9/12/2020 7:22:23 PM,2,missing,0,5,Red,Swing,False,False,False,True,Berzerker,1,|Huge Damage(Clone)|,24,0,1,0
5217568a360e91b47585f724a5c2bb04871b99c7,0.4.3.2,9/12/2020 7:22:23 PM,2,missing,0,5,Blue,Thunder,False,False,True,False,None,None,None,None,None,1,0
5217568a360e91b47585f724a5c2bb04871b99c7,0.4.3.2,9/12/2020 7:22:23 PM,2,missing,0,5,Blue,Fireball,True,False,False,False,None,None,None,None,None,0,3
5217568a360e91b47585f724a5c2bb04871b99c7,0.4.3.2,9/12/2020 7:22:23 PM,2,missing,1,0,Enemy,Grow,False,False,False,True,Huge Damage(Clone),1,|Huge Damage(Clone)|,0,0,0,1
5217568a360e91b47585f724a5c2bb04871b99c7,0.4.3.2,9/12/2020 7:22:23 PM,2,missing,1,0,Red,Hunker Down,False,True,False,False,None,None,None,None,None,0,2
5217568a360e91b47585f724a5c2bb04871b99c7,0.4.3.2,9/12/2020 7:22:23 PM,2,missing,1,0,Blue,Cure,False,True,False,False,None,None,None,None,None,0,1
5217568a360e91b47585f724a5c2bb04871b99c7,0.4.3.2,9/12/2020 7:22:23 PM,2,missing,1,1,Blue,Fireball,False,False,False,True,Mage,1,|Huge Damage(Clone)|,60,0,0,3
5217568a360e91b47585f724a5c2bb04871b99c7,0.4.3.2,9/12/2020 7:22:23 PM,2,missing,1,2,Red,Swing,False,False,False,True,Berzerker,1,|Huge Damage(Clone)|,24,0,1,0
5217568a360e91b47585f724a5c2bb04871b99c7,0.4.3.2,9/12/2020 7:22:23 PM,2,missing,1,3,Green,Wind Strike,False,False,False,True,Archer,1,|Huge Damage(Clone)|Huge Damage(Clone)|,16,0,1,0
5217568a360e91b47585f724a5c2bb04871b99c7,0.4.3.2,9/12/2020 7:22:23 PM,2,missing,1,4,Red,War Cry,False,False,False,True,Berzerker,1,|Huge Damage(Clone)|Berzerker|,0,0,0,2
5217568a360e91b47585f724a5c2bb04871b99c7,0.4.3.2,9/12/2020 7:22:23 PM,2,missing,1,4,Blue,Fireball,False,False,True,False,None,None,None,None,None,0,3
5217568a360e91b47585f724a5c2bb04871b99c7,0.4.3.2,9/12/2020 11:40:04 PM,0,missing,0,1,White,White Attack,False,False,False,True,Mimic,1,|Armor Breaker(Clone)|,1,1,1,0
5217568a360e91b47585f724a5c2bb04871b99c7,0.4.3.2,9/12/2020 11:40:04 PM,0,missing,0,2,Black,Black Attack,False,False,False,True,Warlock,1,|Armor Breaker(Clone)|,1,1,1,0
5217568a360e91b47585f724a5c2bb04871b99c7,0.4.3.2,9/12/2020 11:40:04 PM,0,missing,0,3,Black,Black Attack,False,False,False,True,Warlock,1,|Armor Breaker(Clone)|,3,1,1,0
5217568a360e91b47585f724a5c2bb04871b99c7,0.4.3.2,9/12/2020 11:40:04 PM,0,missing,0,3,Orange,Orange Attack,False,False,True,False,None,None,None,None,None,1,0
5217568a360e91b47585f724a5c2bb04871b99c7,0.4.3.2,9/12/2020 11:40:04 PM,0,missing,0,3,Orange,Orange Attack,False,False,True,False,None,None,None,None,None,1,0
5217568a360e91b47585f724a5c2bb04871b99c7,0.4.3.2,9/12/2020 11:40:04 PM,0,missing,0,3,White,White Attack,False,False,True,False,None,None,None,None,None,1,0
5217568a360e91b47585f724a5c2bb04871b99c7,0.4.3.2,9/12/2020 11:40:04 PM,0,missing,0,3,Orange,Orange Attack,False,False,True,False,None,None,None,None,None,1,0
5217568a360e91b47585f724a5c2bb04871b99c7,0.4.3.2,9/12/2020 11:40:04 PM,0,missing,1,0,Enemy,Armor Melter,False,False,False,True,Armor Breaker(Clone),1,|Paladin|,2,1,1,0
5217568a360e91b47585f724a5c2bb04871b99c7,0.4.3.2,9/12/2020 11:40:04 PM,0,missing,1,0,Enemy,Armor Melter,False,False,False,True,Armor Breaker(Clone),1,|Paladin|,24,0,1,0
5217568a360e91b47585f724a5c2bb04871b99c7,0.4.3.2,9/12/2020 11:40:04 PM,0,missing,1,1,White,White Attack,False,False,False,True,Mimic,1,|Armor Breaker(Clone)|,20,0,1,0
5217568a360e91b47585f724a5c2bb04871b99c7,0.4.3.2,9/12/2020 11:40:04 PM,0,missing,1,2,White,White Attack,False,False,False,True,Mimic,1,|Armor Breaker(Clone)|,3,1,1,0
5217568a360e91b47585f724a5c2bb04871b99c7,0.4.3.2,9/12/2020 11:40:04 PM,0,missing,1,3,White,White Attack,False,False,False,True,Mimic,1,|Armor Breaker(Clone)|,20,0,1,0
5217568a360e91b47585f724a5c2bb04871b99c7,0.4.3.2,9/12/2020 11:40:04 PM,0,missing,1,3,Orange,Orange Attack,False,False,True,False,None,None,None,None,None,1,0
5217568a360e91b47585f724a5c2bb04871b99c7,0.4.3.2,9/12/2020 11:40:04 PM,0,missing,1,3,Black,Black Attack,False,False,True,False,None,None,None,None,None,1,0
5217568a360e91b47585f724a5c2bb04871b99c7,0.4.3.2,9/13/2020 4:50:29 PM,0,missing,0,1,Orange,Orange Attack,False,False,False,True,Paladin,1,|Space Denyer(Clone)|,1,1,1,0
5217568a360e91b47585f724a5c2bb04871b99c7,0.4.3.2,9/13/2020 4:50:29 PM,0,missing,0,2,Orange,Orange Attack,False,False,False,True,Paladin,1,|Space Denyer(Clone)|,2,1,1,0
5217568a360e91b47585f724a5c2bb04871b99c7,0.4.3.2,9/13/2020 4:50:29 PM,0,missing,0,3,Orange,Orange Attack,False,False,False,True,Paladin,1,|Space Denyer(Clone)|,4,1,1,0
5217568a360e91b47585f724a5c2bb04871b99c7,0.4.3.2,9/13/2020 4:50:29 PM,0,missing,0,3,White,White Attack,False,False,True,False,None,None,None,None,None,1,0
5217568a360e91b47585f724a5c2bb04871b99c7,0.4.3.2,9/13/2020 4:50:29 PM,0,missing,0,3,White,White Attack,False,False,True,False,None,None,None,None,None,1,0
5217568a360e91b47585f724a5c2bb04871b99c7,0.4.3.2,9/13/2020 4:50:29 PM,0,missing,1,0,Enemy,Spreading Spores,False,False,False,True,Space Denyer(Clone),5,|Space Denyer(Clone)|,0,0,0,3
5217568a360e91b47585f724a5c2bb04871b99c7,0.4.3.2,9/13/2020 4:50:29 PM,0,missing,1,0,Enemy,Spreading Spores,False,False,False,True,Space Denyer(Clone),5,|Space Denyer(Clone)|,0,0,0,3
5217568a360e91b47585f724a5c2bb04871b99c7,0.4.3.2,9/13/2020 4:50:29 PM,0,missing,1,1,Black,Black Attack,False,False,False,True,Warlock,1,|Space Denyer(Clone)|,20,0,1,0
5217568a360e91b47585f724a5c2bb04871b99c7,0.4.3.2,9/13/2020 4:50:29 PM,0,missing,1,2,Black,Black Attack,False,False,False,True,Warlock,1,|Space Denyer(Clone)|,1,1,1,0
5217568a360e91b47585f724a5c2bb04871b99c7,0.4.3.2,9/13/2020 4:50:29 PM,0,missing,1,3,Black,Black Attack,False,False,False,True,Warlock,1,|Space Denyer(Clone)|,1,1,1,0
5217568a360e91b47585f724a5c2bb04871b99c7,0.4.3.2,9/13/2020 4:50:29 PM,0,missing,1,3,White,White Attack,False,False,True,False,None,None,None,None,None,1,0
5217568a360e91b47585f724a5c2bb04871b99c7,0.4.3.2,9/13/2020 4:50:29 PM,0,missing,1,3,White,White Attack,False,False,True,False,None,None,None,None,None,1,0
5217568a360e91b47585f724a5c2bb04871b99c7,0.4.3.2,9/13/2020 4:50:29 PM,0,missing,2,0,Enemy,Explode,False,False,False,True,Bombs(Clone),3,|Bombs(Clone)|Bombs(Clone)|Space Denyer(Clone)|,30,0,1,0
5217568a360e91b47585f724a5c2bb04871b99c7,0.4.3.2,9/13/2020 4:50:29 PM,0,missing,2,0,Enemy,Explode,False,False,False,True,Bombs(Clone),1,|Bombs(Clone)|,10,0,1,0
5217568a360e91b47585f724a5c2bb04871b99c7,0.4.3.2,9/13/2020 4:50:29 PM,0,missing,2,0,Enemy,Explode,False,False,False,True,Bombs(Clone),1,|Bombs(Clone)|,10,0,1,0
5217568a360e91b47585f724a5c2bb04871b99c7,0.4.3.2,9/13/2020 4:50:29 PM,0,missing,2,0,Enemy,Spreading Spores,False,False,False,True,Space Denyer(Clone),7,|Space Denyer(Clone)|,0,0,0,3
5217568a360e91b47585f724a5c2bb04871b99c7,0.4.3.2,9/13/2020 4:50:29 PM,0,missing,2,1,Orange,Orange Attack,False,False,False,True,Paladin,1,|Space Denyer(Clone)|,4,1,1,0
5217568a360e91b47585f724a5c2bb04871b99c7,0.4.3.2,9/13/2020 4:50:29 PM,0,missing,2,2,Orange,Orange Attack,False,False,False,True,Paladin,1,|Space Denyer(Clone)|,24,0,1,0
5217568a360e91b47585f724a5c2bb04871b99c7,0.4.3.2,9/13/2020 4:50:29 PM,0,missing,2,3,Orange,Orange Attack,False,False,False,True,Paladin,1,|Space Denyer(Clone)|,24,0,1,0
5217568a360e91b47585f724a5c2bb04871b99c7,0.4.3.2,9/13/2020 4:50:29 PM,0,missing,2,3,Black,Black Attack,False,False,True,False,None,None,None,None,None,1,0
5217568a360e91b47585f724a5c2bb04871b99c7,0.4.3.2,9/13/2020 4:50:29 PM,0,missing,2,3,White,White Attack,False,False,True,False,None,None,None,None,None,1,0
5217568a360e91b47585f724a5c2bb04871b99c7,0.4.3.2,9/13/2020 4:50:29 PM,0,missing,3,0,Enemy,Explode,False,False,False,True,Bombs(Clone),1,|Bombs(Clone)|,10,0,1,0
5217568a360e91b47585f724a5c2bb04871b99c7,0.4.3.2,9/13/2020 4:50:29 PM,0,missing,3,0,Enemy,Explode,False,False,False,True,Bombs(Clone),1,|Bombs(Clone)|,10,0,1,0
5217568a360e91b47585f724a5c2bb04871b99c7,0.4.1,10/10/2020 12:16:35 PM,0,missing,0,1,Orange,Overconfidence,False,False,False,True,Paladin,1,|Neutral(Clone)|Paladin|Neutral(Clone)|,1,1,2,0
5217568a360e91b47585f724a5c2bb04871b99c7,0.4.1,10/10/2020 12:18:18 PM,0,missing,0,1,Orange,Overconfidence,False,False,False,True,Paladin,1,|Huge Damage(Clone)|Paladin|Huge Damage(Clone)|,70,1,2,0
5217568a360e91b47585f724a5c2bb04871b99c7,0.4.1,10/10/2020 12:18:55 PM,0,missing,0,1,Orange,Overconfidence,False,False,False,True,Paladin,1,|Armor Breaker(Clone)|Paladin|Armor Breaker(Clone)|,1,1,2,0
5217568a360e91b47585f724a5c2bb04871b99c7,0.4.1,10/10/2020 12:27:51 PM,0,missing,0,1,Orange,Overconfidence,False,False,False,True,Paladin,1,|Huge Damage(Clone)|Paladin|,0,0,2,0
5217568a360e91b47585f724a5c2bb04871b99c7,0.4.1,10/10/2020 12:29:25 PM,0,missing,0,1,Orange,Overconfidence,False,False,False,True,Paladin,1,|Armor Breaker(Clone)|Paladin|,0,0,2,0
5217568a360e91b47585f724a5c2bb04871b99c7,0.4.1,10/10/2020 12:30:19 PM,0,missing,0,1,Orange,Overconfidence,False,False,False,True,Paladin,1,|Armor Breaker(Clone)|Paladin|,0,0,2,0
5217568a360e91b47585f724a5c2bb04871b99c7,0.4.1,10/10/2020 12:41:02 PM,0,missing,0,1,Orange,Overconfidence,False,False,False,True,Paladin,1,|Neutral(Clone)|Paladin|Neutral(Clone)|,15,1,2,0
5217568a360e91b47585f724a5c2bb04871b99c7,0.4.1,10/10/2020 12:43:48 PM,0,missing,0,0,Black,Ignite,False,True,False,False,None,None,None,None,None,1,0
5217568a360e91b47585f724a5c2bb04871b99c7,0.4.1,10/10/2020 12:43:48 PM,0,missing,0,0,Black,Ignite,False,True,False,False,None,None,None,None,None,1,0
5217568a360e91b47585f724a5c2bb04871b99c7,0.4.1,10/10/2020 12:44:14 PM,0,missing,0,0,Black,Regen,False,True,False,False,None,None,None,None,None,1,0
5217568a360e91b47585f724a5c2bb04871b99c7,0.4.1,10/10/2020 12:44:14 PM,0,missing,0,1,White,Critical Strike,False,False,False,True,Mimic,1,|Paladin|Paladin|,0,0,0,0
5217568a360e91b47585f724a5c2bb04871b99c7,0.4.1,10/10/2020 12:44:14 PM,0,missing,0,2,Orange,Overconfidence,False,False,False,True,Paladin,1,|Huge Damage(Clone)|Paladin|Huge Damage(Clone)|,11,1,2,0
5217568a360e91b47585f724a5c2bb04871b99c7,0.4.1,10/10/2020 12:45:15 PM,0,missing,0,0,Black,Regen,False,True,False,False,None,None,None,None,None,1,0
5217568a360e91b47585f724a5c2bb04871b99c7,0.4.1,10/10/2020 12:45:15 PM,0,missing,0,0,Orange,Stun,False,True,False,False,None,None,None,None,None,0,3
5217568a360e91b47585f724a5c2bb04871b99c7,0.4.1,10/10/2020 12:45:30 PM,0,missing,0,0,Black,Regen,False,True,False,False,None,None,None,None,None,1,0
5217568a360e91b47585f724a5c2bb04871b99c7,0.4.1,10/10/2020 12:45:30 PM,0,missing,0,0,Black,Regen,False,True,False,False,None,None,None,None,None,1,0
5217568a360e91b47585f724a5c2bb04871b99c7,0.4.1,10/10/2020 12:45:45 PM,0,missing,0,1,White,Flex,False,False,False,True,Mimic,1,|Paladin|,0,0,1,0
5217568a360e91b47585f724a5c2bb04871b99c7,0.4.1,10/10/2020 12:45:45 PM,0,missing,0,2,White,Critical Strike,False,False,False,True,Mimic,1,|Paladin|Paladin|,0,0,0,0
5217568a360e91b47585f724a5c2bb04871b99c7,0.4.1,10/10/2020 12:45:45 PM,0,missing,0,3,White,Critical Strike,False,False,False,True,Mimic,1,|Paladin|Paladin|,0,0,0,0
5217568a360e91b47585f724a5c2bb04871b99c7,0.4.1,10/10/2020 12:45:45 PM,0,missing,0,4,Orange,Overconfidence,False,False,False,True,Paladin,1,|Neutral(Clone)|Paladin|Neutral(Clone)|,15,1,2,0
5217568a360e91b47585f724a5c2bb04871b99c7,0.4.1,10/10/2020 12:49:03 PM,0,missing,0,1,White,Critical Strike,False,False,False,True,Mimic,1,|Warlock|Warlock|,0,0,0,0
5217568a360e91b47585f724a5c2bb04871b99c7,0.4.1,10/10/2020 12:49:03 PM,0,missing,0,2,White,Critical Strike,False,False,False,True,Mimic,1,|Warlock|Warlock|,0,0,0,0
5217568a360e91b47585f724a5c2bb04871b99c7,0.4.1,10/10/2020 12:49:03 PM,0,missing,0,3,Black,Ignite,False,False,False,True,Warlock,1,|Warlock|Warlock|Neutral(Clone)|,0,0,1,0
5217568a360e91b47585f724a5c2bb04871b99c7,0.4.1,10/10/2020 12:51:18 PM,0,missing,0,1,White,Critical Strike,False,False,False,True,Mimic,1,|Warlock|Warlock|,0,0,0,0
5217568a360e91b47585f724a5c2bb04871b99c7,0.4.1,10/10/2020 12:51:18 PM,0,missing,0,1,Orange,Stun,False,True,False,False,None,None,None,None,None,0,3
5217568a360e91b47585f724a5c2bb04871b99c7,0.4.1,10/10/2020 12:51:18 PM,0,missing,0,1,Black,Subdue,False,True,False,False,None,None,None,None,None,0,1
5217568a360e91b47585f724a5c2bb04871b99c7,0.4.1,10/10/2020 12:51:18 PM,0,missing,0,2,White,Critical Strike,False,False,False,True,Mimic,1,|Paladin|Paladin|,0,0,0,0
5217568a360e91b47585f724a5c2bb04871b99c7,0.4.1,10/10/2020 12:51:18 PM,0,missing,0,3,Orange,Overconfidence,False,False,False,True,Paladin,1,|Neutral(Clone)|Paladin|Neutral(Clone)|,15,1,2,0
5217568a360e91b47585f724a5c2bb04871b99c7,0.4.1,10/10/2020 12:52:33 PM,0,missing,0,0,Orange,Lifesteal,False,True,False,False,None,None,None,None,None,0,1
5217568a360e91b47585f724a5c2bb04871b99c7,0.4.1,10/10/2020 12:52:33 PM,0,missing,0,0,Black,Subdue,False,True,False,False,None,None,None,None,None,0,1
5217568a360e91b47585f724a5c2bb04871b99c7,0.4.1,10/10/2020 12:52:33 PM,0,missing,0,1,White,Critical Strike,False,False,False,True,Mimic,1,|Warlock|Warlock|,0,0,0,0
5217568a360e91b47585f724a5c2bb04871b99c7,0.4.1,10/10/2020 12:54:47 PM,0,missing,0,0,Orange,Stun,False,True,False,False,None,None,None,None,None,0,3
5217568a360e91b47585f724a5c2bb04871b99c7,0.4.1,10/10/2020 12:54:47 PM,0,missing,0,0,Orange,Lifesteal,False,True,False,False,None,None,None,None,None,0,1
5217568a360e91b47585f724a5c2bb04871b99c7,0.4.1,10/10/2020 12:55:00 PM,0,missing,0,0,White,Steal,False,True,False,False,None,None,None,None,None,0,0
5217568a360e91b47585f724a5c2bb04871b99c7,0.4.1,10/10/2020 12:55:00 PM,0,missing,0,0,Orange,Overconfidence,False,True,False,False,None,None,None,None,None,2,0
5217568a360e91b47585f724a5c2bb04871b99c7,0.4.1,10/10/2020 12:55:15 PM,0,missing,0,0,Orange,Lifesteal,False,True,False,False,None,None,None,None,None,0,1
5217568a360e91b47585f724a5c2bb04871b99c7,0.4.1,10/10/2020 12:55:15 PM,0,missing,0,0,Black,Subdue,False,True,False,False,None,None,None,None,None,0,1
5217568a360e91b47585f724a5c2bb04871b99c7,0.4.1,10/10/2020 12:55:27 PM,0,missing,0,0,Orange,Lifesteal,False,True,False,False,None,None,None,None,None,0,1
5217568a360e91b47585f724a5c2bb04871b99c7,0.4.1,10/10/2020 12:55:27 PM,0,missing,0,0,Orange,Stun,False,True,False,False,None,None,None,None,None,0,3
5217568a360e91b47585f724a5c2bb04871b99c7,0.4.1,10/10/2020 12:55:27 PM,0,missing,0,0,White,Flex,False,False,True,False,None,None,None,None,None,1,0
5217568a360e91b47585f724a5c2bb04871b99c7,0.4.1,10/10/2020 12:55:27 PM,0,missing,0,0,Black,Regen,False,False,True,False,None,None,None,None,None,1,0
5217568a360e91b47585f724a5c2bb04871b99c7,0.4.1,10/10/2020 12:55:27 PM,0,missing,0,0,White,Learn,False,False,True,False,None,None,None,None,None,1,0
5217568a360e91b47585f724a5c2bb04871b99c7,0.4.1,10/10/2020 12:55:27 PM,0,missing,0,0,Orange,Overconfidence,False,False,True,False,None,None,None,None,None,2,0
5217568a360e91b47585f724a5c2bb04871b99c7,0.4.1,10/10/2020 12:55:27 PM,0,missing,0,0,Orange,Overconfidence,False,False,True,False,None,None,None,None,None,2,0
5217568a360e91b47585f724a5c2bb04871b99c7,0.4.1,10/10/2020 12:55:27 PM,0,missing,1,0,Enemy,Ironstrike,False,False,False,True,Neutral(Clone),1,|Mimic|Neutral(Clone)|,6,0,1,0
5217568a360e91b47585f724a5c2bb04871b99c7,0.4.1,10/10/2020 12:55:27 PM,0,missing,1,1,White,Critical Strike,False,False,False,True,Mimic,1,|Warlock|Warlock|,0,0,0,0
5217568a360e91b47585f724a5c2bb04871b99c7,0.4.1,10/10/2020 12:55:27 PM,0,missing,1,2,White,Critical Strike,False,False,False,True,Mimic,1,|Warlock|Warlock|,0,0,0,0
5217568a360e91b47585f724a5c2bb04871b99c7,0.4.1,10/10/2020 12:55:27 PM,0,missing,1,3,Black,Ignite,False,False,False,True,Warlock,1,|Warlock|Warlock|Neutral(Clone)|,0,0,1,0
5217568a360e91b47585f724a5c2bb04871b99c7,0.4.1,10/10/2020 12:58:02 PM,0,missing,0,1,White,Critical Strike,False,False,False,True,Mimic,1,|Mimic|Mimic|,0,0,0,0
5217568a360e91b47585f724a5c2bb04871b99c7,0.4.1,10/10/2020 1:07:49 PM,0,missing,0,1,White,Critical Strike,False,False,False,True,Mimic,1,|Paladin|Paladin|,0,0,0,0
5217568a360e91b47585f724a5c2bb04871b99c7,0.4.1,10/10/2020 1:09:38 PM,0,missing,0,1,White,Critical Strike,False,False,False,True,Mimic,1,|Warlock|Warlock|,0,0,0,0
5217568a360e91b47585f724a5c2bb04871b99c7,0.4.1,10/10/2020 1:09:38 PM,0,missing,0,2,Black,Ignite,False,False,False,True,Warlock,1,|Warlock|Warlock|Neutral(Clone)|,0,0,1,0
5217568a360e91b47585f724a5c2bb04871b99c7,0.4.1,10/10/2020 1:09:38 PM,0,missing,0,2,Orange,Overconfidence,False,False,True,False,None,None,None,None,None,2,0
5217568a360e91b47585f724a5c2bb04871b99c7,0.4.1,10/10/2020 1:09:38 PM,0,missing,0,2,Orange,Stun,False,False,True,False,None,None,None,None,None,0,3
5217568a360e91b47585f724a5c2bb04871b99c7,0.4.1,10/10/2020 1:09:38 PM,0,missing,0,2,Orange,Overconfidence,False,False,True,False,None,None,None,None,None,2,0
5217568a360e91b47585f724a5c2bb04871b99c7,0.4.1,10/10/2020 1:17:13 PM,0,missing,0,0,Orange,Stun,False,True,False,False,None,None,None,None,None,0,3
5217568a360e91b47585f724a5c2bb04871b99c7,0.4.1,10/10/2020 1:17:13 PM,0,missing,0,0,Black,Subdue,False,True,False,False,None,None,None,None,None,0,1
5217568a360e91b47585f724a5c2bb04871b99c7,0.4.1,10/10/2020 1:17:13 PM,0,missing,0,0,Orange,Stun,False,False,True,False,None,None,None,None,None,0,3
5217568a360e91b47585f724a5c2bb04871b99c7,0.4.1,10/10/2020 1:17:13 PM,0,missing,0,0,Orange,Overconfidence,False,False,True,False,None,None,None,None,None,2,0
5217568a360e91b47585f724a5c2bb04871b99c7,0.4.1,10/10/2020 1:17:13 PM,0,missing,0,0,Orange,Overconfidence,False,False,True,False,None,None,None,None,None,2,0
5217568a360e91b47585f724a5c2bb04871b99c7,0.4.1,10/10/2020 1:17:13 PM,0,missing,0,0,Black,Regen,False,False,True,False,None,None,None,None,None,1,0
5217568a360e91b47585f724a5c2bb04871b99c7,0.4.1,10/10/2020 1:17:13 PM,0,missing,0,0,White,Critical Strike,True,False,False,False,None,None,None,None,None,0,0
5217568a360e91b47585f724a5c2bb04871b99c7,0.4.1,10/10/2020 1:17:13 PM,0,missing,1,0,Enemy,Armor Melter,False,False,False,True,Armor Breaker(Clone),1,|Paladin|,2,1,1,0
5217568a360e91b47585f724a5c2bb04871b99c7,0.4.1,10/10/2020 1:17:13 PM,0,missing,1,1,White,Critical Strike,False,False,False,True,Mimic,1,|Warlock|Warlock|,0,0,0,0
5217568a360e91b47585f724a5c2bb04871b99c7,0.4.1,10/10/2020 1:17:13 PM,0,missing,1,2,Black,Ignite,False,False,False,True,Warlock,1,|Warlock|Warlock|Armor Breaker(Clone)|,0,0,1,0
5217568a360e91b47585f724a5c2bb04871b99c7,0.4.1,10/10/2020 1:17:13 PM,0,missing,1,2,Orange,Overconfidence,False,True,False,False,None,None,None,None,None,2,0
5217568a360e91b47585f724a5c2bb04871b99c7,0.4.1,10/10/2020 1:17:13 PM,0,missing,1,2,White,Steal,False,True,False,False,None,None,None,None,None,0,0
5217568a360e91b47585f724a5c2bb04871b99c7,0.4.1,10/10/2020 1:29:27 PM,0,missing,0,0,White,Flex,False,False,True,False,None,None,None,None,None,1,0
5217568a360e91b47585f724a5c2bb04871b99c7,0.4.1,10/10/2020 1:29:27 PM,0,missing,0,0,Orange,Lifesteal,False,False,True,False,None,None,None,None,None,0,1
5217568a360e91b47585f724a5c2bb04871b99c7,0.4.1,10/10/2020 1:29:27 PM,0,missing,0,0,Orange,Overwhelming Odds,False,False,True,False,None,None,None,None,None,2,0
5217568a360e91b47585f724a5c2bb04871b99c7,0.4.1,10/10/2020 1:29:27 PM,0,missing,0,0,Orange,Stun,False,False,True,False,None,None,None,None,None,0,3
5217568a360e91b47585f724a5c2bb04871b99c7,0.4.1,10/10/2020 1:29:27 PM,0,missing,0,0,White,Critical Strike,False,False,True,False,None,None,None,None,None,0,0
5217568a360e91b47585f724a5c2bb04871b99c7,0.4.1,10/10/2020 1:29:27 PM,0,missing,1,0,Black,Subdue,False,False,True,False,None,None,None,None,None,0,1
5217568a360e91b47585f724a5c2bb04871b99c7,0.4.1,10/10/2020 1:29:27 PM,0,missing,1,0,Black,Ignite,False,False,True,False,None,None,None,None,None,1,0
5217568a360e91b47585f724a5c2bb04871b99c7,0.4.1,10/10/2020 1:29:27 PM,0,missing,1,0,Orange,Overwhelming Odds,False,False,True,False,None,None,None,None,None,2,0
5217568a360e91b47585f724a5c2bb04871b99c7,0.4.1,10/10/2020 1:29:27 PM,0,missing,1,0,Black,Ignite,False,False,True,False,None,None,None,None,None,1,0
5217568a360e91b47585f724a5c2bb04871b99c7,0.4.1,10/10/2020 1:29:27 PM,0,missing,1,0,Orange,Stun,False,False,True,False,None,None,None,None,None,0,3
5217568a360e91b47585f724a5c2bb04871b99c7,0.4.1,10/10/2020 1:29:27 PM,0,missing,2,0,Enemy,Grow,False,False,False,True,Huge Damage(Clone),1,|Huge Damage(Clone)|,0,0,0,1
5217568a360e91b47585f724a5c2bb04871b99c7,0.4.1,10/10/2020 1:32:08 PM,0,missing,0,0,White,Critical Strike,False,False,True,False,None,None,None,None,None,0,0
5217568a360e91b47585f724a5c2bb04871b99c7,0.4.1,10/10/2020 1:32:08 PM,0,missing,0,0,White,Critical Strike,False,False,True,False,None,None,None,None,None,0,0
5217568a360e91b47585f724a5c2bb04871b99c7,0.4.1,10/10/2020 1:32:08 PM,0,missing,0,0,Black,Ignite,False,False,True,False,None,None,None,None,None,1,0
5217568a360e91b47585f724a5c2bb04871b99c7,0.4.1,10/10/2020 1:32:08 PM,0,missing,0,0,Orange,Lifesteal,False,False,True,False,None,None,None,None,None,0,1
5217568a360e91b47585f724a5c2bb04871b99c7,0.4.1,10/10/2020 1:32:08 PM,0,missing,0,0,White,Critical Strike,False,False,True,False,None,None,None,None,None,0,0
5217568a360e91b47585f724a5c2bb04871b99c7,0.4.1,10/10/2020 1:32:08 PM,0,missing,1,0,Enemy,Grow,False,False,False,True,Huge Damage(Clone),1,|Huge Damage(Clone)|,0,0,0,1
5217568a360e91b47585f724a5c2bb04871b99c7,0.4.3.3,10/10/2020 1:38:14 PM,0,missing,0,0,Orange,Strike,False,False,True,False,None,None,None,None,None,1,0
5217568a360e91b47585f724a5c2bb04871b99c7,0.4.3.3,10/10/2020 1:38:14 PM,0,missing,0,0,White,Learn,False,False,True,False,None,None,None,None,None,1,0
5217568a360e91b47585f724a5c2bb04871b99c7,0.4.3.3,10/10/2020 1:38:14 PM,0,missing,0,0,White,Flex,False,False,True,False,None,None,None,None,None,1,0
5217568a360e91b47585f724a5c2bb04871b99c7,0.4.3.3,10/10/2020 1:38:14 PM,0,missing,0,0,Orange,Stun,False,False,True,False,None,None,None,None,None,0,3
5217568a360e91b47585f724a5c2bb04871b99c7,0.4.3.3,10/10/2020 1:38:14 PM,0,missing,0,0,Black,Regen,False,False,True,False,None,None,None,None,None,1,0
5217568a360e91b47585f724a5c2bb04871b99c7,0.4.3.3,10/11/2020 2:28:40 PM,0,missing,0,0,White,Steal,False,True,False,False,None,None,None,None,None,0,0
5217568a360e91b47585f724a5c2bb04871b99c7,0.4.3.3,10/13/2020 10:28:22 PM,0,missing,0,1,Blue,Cycle Of Mana,False,False,False,True,Mage,1,|Warlock|Mage|,-2,0,0,0
5217568a360e91b47585f724a5c2bb04871b99c7,0.4.3.3,10/13/2020 10:28:22 PM,0,missing,0,1,Blue,Cycle Of Mana,False,False,False,True,Mage,1,|Berzerker|Mage|,-2,0,0,0
5217568a360e91b47585f724a5c2bb04871b99c7,0.4.3.4,10/19/2020 10:52:40 PM,0,missing,0,1,Green,Wind Strike,False,False,False,True,Archer,1,|Space Denyer(Clone)|Space Denyer(Clone)|,1,1,1,0
5217568a360e91b47585f724a5c2bb04871b99c7,0.4.3.4,10/19/2020 10:52:40 PM,0,missing,0,2,Black,Ignite,False,False,False,True,Warlock,1,|Warlock|Warlock|Space Denyer(Clone)|Space Denyer(Clone)|,0,0,1,0
5217568a360e91b47585f724a5c2bb04871b99c7,0.4.3.4,10/19/2020 10:52:40 PM,0,missing,0,3,Green,Arrow Storm,False,False,False,True,Archer,1,|Space Denyer(Clone)|Space Denyer(Clone)|,6,2,0,3
5217568a360e91b47585f724a5c2bb04871b99c7,0.4.3.4,10/19/2020 10:52:40 PM,0,missing,0,4,Red,Sword and Board,False,False,False,True,Berzerker,1,|Space Denyer(Clone)|Space Denyer(Clone)|Berzerker|,48,0,1,0
5217568a360e91b47585f724a5c2bb04871b99c7,0.4.3.4,10/19/2020 10:52:40 PM,0,missing,0,4,Green,Wind Strike,False,False,True,False,None,None,None,None,None,1,0
5217568a360e91b47585f724a5c2bb04871b99c7,0.4.3.4,10/19/2020 10:52:40 PM,0,missing,1,0,Enemy,Spreading Spores,False,False,False,True,Space Denyer(Clone),5,|Space Denyer(Clone)|,0,0,0,3
5217568a360e91b47585f724a5c2bb04871b99c7,0.4.3.4,10/19/2020 10:52:40 PM,0,missing,1,0,Enemy,Spreading Spores,False,False,False,True,Space Denyer(Clone),6,|Space Denyer(Clone)|,0,0,0,3
5217568a360e91b47585f724a5c2bb04871b99c7,0.4.3.4,10/19/2020 10:52:40 PM,0,missing,1,1,Red,Sword and Board,False,False,False,True,Berzerker,1,|Space Denyer(Clone)|Berzerker|,24,0,1,0
5217568a360e91b47585f724a5c2bb04871b99c7,0.4.3.4,10/19/2020 10:52:40 PM,0,missing,1,2,Green,Arrow Storm,False,False,False,True,Archer,1,|Space Denyer(Clone)|,24,0,0,3
5217568a360e91b47585f724a5c2bb04871b99c7,0.4.3.4,10/19/2020 10:52:40 PM,0,missing,1,2,Black,Regen,False,False,True,False,None,None,None,None,None,1,0
5217568a360e91b47585f724a5c2bb04871b99c7,0.4.3.4,10/19/2020 10:52:40 PM,0,missing,1,2,Red,Defend,False,False,True,False,None,None,None,None,None,1,0
5217568a360e91b47585f724a5c2bb04871b99c7,0.4.3.4,10/19/2020 10:52:40 PM,0,missing,1,2,Green,Haste,False,False,True,False,None,None,None,None,None,1,0
5217568a360e91b47585f724a5c2bb04871b99c7,0.4.3.4,10/19/2020 10:52:40 PM,0,missing,2,0,Enemy,Explode,False,False,False,True,Bombs(Clone),1,|Bombs(Clone)|,10,0,1,0
5217568a360e91b47585f724a5c2bb04871b99c7,0.4.3.4,10/19/2020 10:52:40 PM,0,missing,2,0,Enemy,Explode,False,False,False,True,Bombs(Clone),1,|Bombs(Clone)|,10,0,1,0
5217568a360e91b47585f724a5c2bb04871b99c7,0.4.3.4,10/19/2020 10:52:40 PM,0,missing,2,0,Enemy,Explode,False,False,False,True,Bombs(Clone),2,|Bombs(Clone)|Bombs(Clone)|,20,0,1,0
5217568a360e91b47585f724a5c2bb04871b99c7,0.4.4,10/22/2020 11:30:27 PM,0,missing,0,1,Green,Wind Strike,False,False,False,True,Archer,1,|Space Denyer(Clone)|Space Denyer(Clone)|,1,1,1,0
5217568a360e91b47585f724a5c2bb04871b99c7,0.4.4,10/22/2020 11:30:27 PM,0,missing,0,2,Black,Regen,False,False,False,True,Warlock,1,|Warlock|Warlock|Warlock|,0,0,1,0
5217568a360e91b47585f724a5c2bb04871b99c7,0.4.4,10/23/2020 12:14:39 AM,0,missing,0,1,Black,Ignite,False,False,False,True,Warlock,1,|Warlock|Warlock|Huge Damage(Clone)|,0,0,1,0
5217568a360e91b47585f724a5c2bb04871b99c7,0.4.4,10/23/2020 12:14:39 AM,0,missing,0,2,Black,Subdue,False,False,False,True,Warlock,1,|Huge Damage(Clone)|,0,0,0,1
5217568a360e91b47585f724a5c2bb04871b99c7,0.4.4,10/23/2020 12:14:39 AM,0,missing,0,3,Black,Regen,False,False,False,True,Warlock,1,|Warlock|Warlock|Warlock|,0,0,1,0
5217568a360e91b47585f724a5c2bb04871b99c7,0.4.4,10/23/2020 12:14:39 AM,0,missing,0,4,Black,Ignite,False,False,False,True,Warlock,1,|Warlock|Warlock|Huge Damage(Clone)|,0,0,1,0
5217568a360e91b47585f724a5c2bb04871b99c7,0.4.4,10/23/2020 12:17:06 AM,0,missing,0,1,Green,Wind Strike,False,False,False,True,Archer,1,|Huge Damage(Clone)|Huge Damage(Clone)|,2,1,1,0
5217568a360e91b47585f724a5c2bb04871b99c7,0.4.4,10/23/2020 12:17:06 AM,0,missing,0,2,Red,Sword and Board,False,False,False,True,Berzerker,1,|Huge Damage(Clone)|Berzerker|,24,0,1,0
5217568a360e91b47585f724a5c2bb04871b99c7,0.4.4,10/23/2020 12:17:06 AM,0,missing,0,3,Black,Ignite,False,False,False,True,Warlock,1,|Warlock|Warlock|Huge Damage(Clone)|,0,0,1,0
5217568a360e91b47585f724a5c2bb04871b99c7,0.4.4,10/23/2020 12:17:06 AM,0,missing,0,3,Black,Ignite,False,False,True,False,None,None,None,None,None,1,0
5217568a360e91b47585f724a5c2bb04871b99c7,0.4.4,10/23/2020 12:17:06 AM,0,missing,0,3,Black,Subdue,False,False,True,False,None,None,None,None,None,0,1
5217568a360e91b47585f724a5c2bb04871b99c7,0.4.4,10/23/2020 12:17:06 AM,0,missing,1,0,Enemy,Bite,False,False,False,True,Huge Damage(Clone),1,|Archer|,1,1,0,1
5217568a360e91b47585f724a5c2bb04871b99c7,0.4.4,10/24/2020 11:23:40 AM,0,missing,0,1,White,Learn,False,False,False,True,Mimic,1,|Paladin|,0,0,1,0
5217568a360e91b47585f724a5c2bb04871b99c7,0.4.4,10/24/2020 11:23:40 AM,0,missing,0,2,White,Strike,False,False,False,True,Mimic,1,|Space Denyer(Clone)|,8,1,0,0
5217568a360e91b47585f724a5c2bb04871b99c7,0.4.4,10/24/2020 11:23:40 AM,0,missing,0,3,Orange,Strike,False,False,False,True,Paladin,1,|Space Denyer(Clone)|,12,1,2,0
5217568a360e91b47585f724a5c2bb04871b99c7,0.4.4,10/24/2020 11:23:40 AM,0,missing,0,3,White,Steal,False,False,True,False,None,None,None,None,None,0,0
5217568a360e91b47585f724a5c2bb04871b99c7,0.4.4,10/24/2020 11:23:40 AM,0,missing,0,3,Blue,Cure,False,False,True,False,None,None,None,None,None,0,2
5217568a360e91b47585f724a5c2bb04871b99c7,0.4.4,10/24/2020 11:23:40 AM,0,missing,0,3,Blue,Thunder,False,False,True,False,None,None,None,None,None,1,0
5217568a360e91b47585f724a5c2bb04871b99c7,0.4.4,10/24/2020 11:23:40 AM,0,missing,1,0,Enemy,Spreading Spores,False,False,False,True,Space Denyer(Clone),4,|Space Denyer(Clone)|,0,0,0,3
5217568a360e91b47585f724a5c2bb04871b99c7,0.4.4,10/24/2020 11:23:40 AM,0,missing,1,0,Enemy,Spreading Spores,False,False,False,True,Space Denyer(Clone),4,|Space Denyer(Clone)|,0,0,0,3
5217568a360e91b47585f724a5c2bb04871b99c7,0.4.4,10/24/2020 11:23:40 AM,0,missing,1,1,Orange,Strike,False,False,False,True,Paladin,1,|Space Denyer(Clone)|,10,1,2,0
5217568a360e91b47585f724a5c2bb04871b99c7,0.4.4,10/24/2020 11:23:40 AM,0,missing,1,2,White,Flex,False,False,False,True,Mimic,1,|Mage|,0,0,1,0
5217568a360e91b47585f724a5c2bb04871b99c7,0.4.4,10/24/2020 11:23:40 AM,0,missing,1,2,Blue,Thunder,False,False,True,False,None,None,None,None,None,1,0
5217568a360e91b47585f724a5c2bb04871b99c7,0.4.4,10/24/2020 11:23:40 AM,0,missing,1,2,Blue,Cure,False,False,True,False,None,None,None,None,None,0,2
5217568a360e91b47585f724a5c2bb04871b99c7,0.4.4,10/24/2020 11:23:40 AM,0,missing,1,2,Blue,Cure,False,False,True,False,None,None,None,None,None,0,2
5217568a360e91b47585f724a5c2bb04871b99c7,0.4.4,10/24/2020 11:23:40 AM,0,missing,2,0,Enemy,Explode,False,False,False,True,Bombs(Clone),1,|Bombs(Clone)|,10,0,1,0
5217568a360e91b47585f724a5c2bb04871b99c7,0.4.4,10/24/2020 11:29:57 AM,0,missing,0,1,White,Learn,False,False,False,True,Mimic,1,|Paladin|,0,0,1,0
5217568a360e91b47585f724a5c2bb04871b99c7,0.4.4,10/24/2020 11:29:57 AM,0,missing,0,2,White,Learn,False,False,False,True,Mimic,1,|Paladin|,0,0,1,0
5217568a360e91b47585f724a5c2bb04871b99c7,0.4.4,10/24/2020 11:29:57 AM,0,missing,0,2,Orange,Strike,False,False,True,False,None,None,None,None,None,2,0
5217568a360e91b47585f724a5c2bb04871b99c7,0.4.4,10/24/2020 11:29:57 AM,0,missing,0,2,White,Steal,False,False,True,False,None,None,None,None,None,0,0
5217568a360e91b47585f724a5c2bb04871b99c7,0.4.4,10/24/2020 11:29:57 AM,0,missing,0,2,Blue,Cure,False,False,True,False,None,None,None,None,None,0,2
5217568a360e91b47585f724a5c2bb04871b99c7,0.4.4,10/24/2020 11:29:57 AM,0,missing,0,2,White,Strike,False,False,True,False,None,None,None,None,None,0,0
5217568a360e91b47585f724a5c2bb04871b99c7,0.4.4,10/24/2020 11:29:57 AM,0,missing,0,2,White,Strike,False,False,True,False,None,None,None,None,None,0,0
5217568a360e91b47585f724a5c2bb04871b99c7,0.4.4,10/24/2020 11:29:57 AM,0,missing,1,0,Enemy,Armor Melter,False,False,False,True,Armor Breaker(Clone),1,|Mage|,2,1,1,0
5217568a360e91b47585f724a5c2bb04871b99c7,0.4.4,10/24/2020 11:29:57 AM,0,missing,1,1,White,Steal,False,False,False,True,Mimic,1,|Armor Breaker(Clone)|,0,0,0,0
5217568a360e91b47585f724a5c2bb04871b99c7,0.4.4,10/24/2020 11:29:57 AM,0,missing,1,2,White,Armor Melter,False,False,False,True,Mimic,1,|Armor Breaker(Clone)|,2,1,1,0
5217568a360e91b47585f724a5c2bb04871b99c7,0.4.4,10/24/2020 11:29:57 AM,0,missing,1,3,White,Learn,False,False,False,True,Mimic,1,|Paladin|,0,0,1,0
5217568a360e91b47585f724a5c2bb04871b99c7,0.4.4,10/24/2020 11:29:57 AM,0,missing,1,4,White,Strike,False,False,False,True,Mimic,1,|Armor Breaker(Clone)|,40,0,0,0
5217568a360e91b47585f724a5c2bb04871b99c7,0.4.4,10/24/2020 11:29:57 AM,0,missing,1,5,Blue,Cure,False,False,False,True,Mage,1,|Mage|,-5,0,0,2
5217568a360e91b47585f724a5c2bb04871b99c7,0.4.4,10/24/2020 11:29:57 AM,0,missing,1,5,Orange,Lifesteal,False,False,True,False,None,None,None,None,None,0,1
5217568a360e91b47585f724a5c2bb04871b99c7,0.4.4,10/24/2020 11:29:57 AM,0,missing,1,5,Orange,Lifesteal,False,False,True,False,None,None,None,None,None,0,1
5217568a360e91b47585f724a5c2bb04871b99c7,0.4.4,10/24/2020 11:29:57 AM,0,missing,2,1,White,Flex,False,False,False,True,Mimic,1,|Mage|,0,0,1,0
5217568a360e91b47585f724a5c2bb04871b99c7,0.4.4,10/24/2020 11:29:57 AM,0,missing,2,2,Blue,Thunder,False,False,False,True,Mage,1,|Armor Breaker(Clone)|,2,1,1,0
5217568a360e91b47585f724a5c2bb04871b99c7,0.4.4,10/24/2020 11:29:57 AM,0,missing,2,3,Blue,Thunder,False,False,False,True,Mage,1,|Armor Breaker(Clone)|,4,1,1,0
5217568a360e91b47585f724a5c2bb04871b99c7,0.4.4,10/24/2020 11:29:57 AM,0,missing,2,4,Blue,Fireball,False,False,False,True,Mage,1,|Armor Breaker(Clone)|,84,0,0,3
5217568a360e91b47585f724a5c2bb04871b99c7,0.4.4,10/24/2020 11:29:57 AM,0,missing,2,4,Orange,Stun,False,False,True,False,None,None,None,None,None,0,4
5217568a360e91b47585f724a5c2bb04871b99c7,0.4.4,10/24/2020 11:29:57 AM,1,missing,0,1,Blue,Thunder,False,False,False,True,Mage,2,|Space Denyer(Clone)|Space Denyer(Clone)|,2,2,1,0
5217568a360e91b47585f724a5c2bb04871b99c7,0.4.4,10/24/2020 11:29:57 AM,1,missing,0,1,Blue,Cure,False,False,True,False,None,None,None,None,None,0,2
5217568a360e91b47585f724a5c2bb04871b99c7,0.4.4,10/24/2020 11:29:57 AM,1,missing,0,1,Orange,Stun,False,False,True,False,None,None,None,None,None,0,4
5217568a360e91b47585f724a5c2bb04871b99c7,0.4.4,10/24/2020 11:29:57 AM,1,missing,0,1,Blue,Cure,False,False,True,False,None,None,None,None,None,0,2
5217568a360e91b47585f724a5c2bb04871b99c7,0.4.4,10/24/2020 11:29:57 AM,1,missing,0,1,Blue,Cure,False,False,True,False,None,None,None,None,None,0,2
5217568a360e91b47585f724a5c2bb04871b99c7,0.4.4,10/24/2020 11:29:57 AM,1,missing,1,0,Enemy,Spreading Spores,False,False,False,True,Space Denyer(Clone),5,|Space Denyer(Clone)|,0,0,0,3
5217568a360e91b47585f724a5c2bb04871b99c7,0.4.4,10/24/2020 11:29:57 AM,1,missing,1,0,Enemy,Spreading Spores,False,False,False,True,Space Denyer(Clone),7,|Space Denyer(Clone)|,0,0,0,3
5217568a360e91b47585f724a5c2bb04871b99c7,0.4.4,10/24/2020 11:29:57 AM,1,missing,1,1,Blue,Thunder,False,False,False,True,Mage,3,|Space Denyer(Clone)|Space Denyer(Clone)|Bombs(Clone)|,4,3,1,0
5217568a360e91b47585f724a5c2bb04871b99c7,0.4.4,10/24/2020 11:29:57 AM,1,missing,1,2,Orange,Massive Swing,False,False,False,True,Paladin,1,|Space Denyer(Clone)|,19,1,2,0
5217568a360e91b47585f724a5c2bb04871b99c7,0.4.4,10/24/2020 11:29:57 AM,1,missing,1,2,White,Flex,False,False,True,False,None,None,None,None,None,1,0
5217568a360e91b47585f724a5c2bb04871b99c7,0.4.4,10/24/2020 11:29:57 AM,1,missing,1,2,White,Flex,False,False,True,False,None,None,None,None,None,1,0
5217568a360e91b47585f724a5c2bb04871b99c7,0.4.4,10/24/2020 11:29:57 AM,1,missing,1,2,White,Learn,False,False,True,False,None,None,None,None,None,1,0
5217568a360e91b47585f724a5c2bb04871b99c7,0.4.4,10/24/2020 11:29:57 AM,1,missing,2,0,Enemy,Explode,False,False,False,True,Bombs(Clone),2,|Bombs(Clone)|Space Denyer(Clone)|,20,0,1,0
5217568a360e91b47585f724a5c2bb04871b99c7,0.4.4,10/24/2020 11:29:57 AM,1,missing,2,0,Enemy,Explode,False,False,False,True,Bombs(Clone),1,|Bombs(Clone)|,10,0,1,0
5217568a360e91b47585f724a5c2bb04871b99c7,0.4.4,10/24/2020 11:29:57 AM,1,missing,2,0,Enemy,Explode,False,False,False,True,Bombs(Clone),1,|Bombs(Clone)|,10,0,1,0
5217568a360e91b47585f724a5c2bb04871b99c7,0.4.4,10/24/2020 11:29:57 AM,1,missing,2,0,Enemy,Explode,False,False,False,True,Bombs(Clone),1,|Bombs(Clone)|,10,0,1,0
5217568a360e91b47585f724a5c2bb04871b99c7,0.4.4,10/24/2020 11:29:57 AM,1,missing,2,0,Enemy,Spreading Spores,False,False,False,True,Space Denyer(Clone),7,|Space Denyer(Clone)|,0,0,0,3
5217568a360e91b47585f724a5c2bb04871b99c7,0.4.4,10/24/2020 11:29:57 AM,1,missing,2,0,Enemy,Spreading Spores,False,False,False,True,Space Denyer(Clone),9,|Space Denyer(Clone)|,0,0,0,3
5217568a360e91b47585f724a5c2bb04871b99c7,0.4.4,10/24/2020 11:29:57 AM,1,missing,2,1,White,Learn,False,False,False,True,Mimic,1,|Paladin|,0,0,1,0
5217568a360e91b47585f724a5c2bb04871b99c7,0.4.4,10/24/2020 11:29:57 AM,1,missing,2,2,Orange,Strike,False,False,False,True,Paladin,1,|Space Denyer(Clone)|,48,0,2,0
5217568a360e91b47585f724a5c2bb04871b99c7,0.4.4,10/24/2020 11:29:57 AM,1,missing,2,3,White,Strike,False,False,False,True,Mimic,1,|Space Denyer(Clone)|,8,1,0,0
5217568a360e91b47585f724a5c2bb04871b99c7,0.4.4,10/24/2020 11:29:57 AM,1,missing,2,4,Blue,Fireball,False,False,False,True,Mage,1,|Space Denyer(Clone)|,60,0,0,3
5217568a360e91b47585f724a5c2bb04871b99c7,0.4.4,10/24/2020 11:29:57 AM,1,missing,2,4,Orange,Stun,False,False,True,False,None,None,None,None,None,0,4
5217568a360e91b47585f724a5c2bb04871b99c7,0.4.4,10/24/2020 11:29:57 AM,1,missing,2,4,Orange,Lifesteal,False,False,True,False,None,None,None,None,None,0,1
5217568a360e91b47585f724a5c2bb04871b99c7,0.4.4,10/24/2020 11:29:57 AM,1,missing,3,0,Enemy,Explode,False,False,False,True,Bombs(Clone),1,|Bombs(Clone)|,10,0,1,0
5217568a360e91b47585f724a5c2bb04871b99c7,0.4.4,10/24/2020 11:29:57 AM,1,missing,3,0,Enemy,Explode,False,False,False,True,Bombs(Clone),1,|Bombs(Clone)|,10,0,1,0
5217568a360e91b47585f724a5c2bb04871b99c7,0.4.4,10/24/2020 11:29:57 AM,1,missing,3,0,Enemy,Explode,False,False,False,True,Bombs(Clone),1,|Bombs(Clone)|,10,0,1,0
5217568a360e91b47585f724a5c2bb04871b99c7,0.4.4,10/24/2020 11:29:57 AM,1,missing,3,0,Enemy,Explode,False,False,False,True,Bombs(Clone),1,|Bombs(Clone)|,10,0,1,0
5217568a360e91b47585f724a5c2bb04871b99c7,0.4.4,10/24/2020 11:29:57 AM,2,missing,0,1,White,Flex,False,False,False,True,Mimic,1,|Mage|,0,0,1,0
5217568a360e91b47585f724a5c2bb04871b99c7,0.4.4,10/24/2020 11:29:57 AM,2,missing,0,2,Blue,Thunder,False,False,False,True,Mage,1,|Neutral(Clone)|,1,1,1,0
5217568a360e91b47585f724a5c2bb04871b99c7,0.4.4,10/24/2020 11:29:57 AM,2,missing,0,2,Blue,Cure,False,False,True,False,None,None,None,None,None,0,2
5217568a360e91b47585f724a5c2bb04871b99c7,0.4.4,10/24/2020 11:29:57 AM,2,missing,0,2,Orange,Stun,False,False,True,False,None,None,None,None,None,0,4
5217568a360e91b47585f724a5c2bb04871b99c7,0.4.4,10/24/2020 11:29:57 AM,2,missing,0,2,Blue,Cure,False,False,True,False,None,None,None,None,None,0,2
5217568a360e91b47585f724a5c2bb04871b99c7,0.4.4,10/24/2020 11:29:57 AM,2,missing,1,1,White,Learn,False,False,False,True,Mimic,1,|Paladin|,0,0,1,0
5217568a360e91b47585f724a5c2bb04871b99c7,0.4.4,10/24/2020 11:29:57 AM,2,missing,1,2,Blue,Thunder,False,False,False,True,Mage,1,|Neutral(Clone)|,1,1,1,0
5217568a360e91b47585f724a5c2bb04871b99c7,0.4.4,10/24/2020 11:29:57 AM,2,missing,1,3,White,Flex,False,False,False,True,Mimic,1,|Mimic|,0,0,1,0
5217568a360e91b47585f724a5c2bb04871b99c7,0.4.4,10/24/2020 11:29:57 AM,2,missing,1,4,White,Strike,False,False,False,True,Mimic,1,|Neutral(Clone)|,12,1,0,0
5217568a360e91b47585f724a5c2bb04871b99c7,0.4.4,10/24/2020 11:29:57 AM,2,missing,1,4,Orange,Stun,False,False,True,False,None,None,None,None,None,0,4
5217568a360e91b47585f724a5c2bb04871b99c7,0.4.4,10/24/2020 11:29:57 AM,2,missing,1,4,Orange,Strike,False,False,True,False,None,None,None,None,None,2,0
5217568a360e91b47585f724a5c2bb04871b99c7,0.4.4,10/24/2020 11:29:57 AM,2,missing,2,0,Enemy,Harden,False,False,False,True,Neutral(Clone),1,|Neutral(Clone)|,0,0,1,0
5217568a360e91b47585f724a5c2bb04871b99c7,0.4.4,10/24/2020 11:46:07 AM,0,missing,0,0,Blue,Cure,False,False,True,False,None,None,None,None,None,0,2
5217568a360e91b47585f724a5c2bb04871b99c7,0.4.4,10/24/2020 11:46:07 AM,0,missing,0,0,Orange,Stun,False,False,True,False,None,None,None,None,None,0,4
5217568a360e91b47585f724a5c2bb04871b99c7,0.4.4,10/24/2020 11:46:07 AM,0,missing,0,0,White,Learn,False,False,True,False,None,None,None,None,None,1,0
5217568a360e91b47585f724a5c2bb04871b99c7,0.4.4,10/24/2020 11:46:07 AM,0,missing,0,0,Blue,Fireball,False,False,True,False,None,None,None,None,None,0,3
5217568a360e91b47585f724a5c2bb04871b99c7,0.4.4,10/24/2020 11:46:07 AM,0,missing,0,0,Blue,Thunder,False,False,True,False,None,None,None,None,None,1,0
5217568a360e91b47585f724a5c2bb04871b99c7,0.4.4,10/24/2020 11:46:07 AM,0,missing,1,0,Enemy,Spreading Spores,False,False,False,True,Space Denyer(Clone),5,|Space Denyer(Clone)|,0,0,0,3
5217568a360e91b47585f724a5c2bb04871b99c7,0.4.4,10/24/2020 11:46:07 AM,0,missing,1,0,Enemy,Spreading Spores,False,False,False,True,Space Denyer(Clone),7,|Space Denyer(Clone)|,0,0,0,3
5217568a360e91b47585f724a5c2bb04871b99c7,0.4.4,10/24/2020 11:47:58 AM,0,missing,0,0,Blue,Cure,False,False,True,False,None,None,None,None,None,0,2
5217568a360e91b47585f724a5c2bb04871b99c7,0.4.4,10/24/2020 11:47:58 AM,0,missing,0,0,White,Learn,False,False,True,False,None,None,None,None,None,1,0
5217568a360e91b47585f724a5c2bb04871b99c7,0.4.4,10/24/2020 11:47:58 AM,0,missing,0,0,Orange,Stun,False,False,True,False,None,None,None,None,None,0,4
5217568a360e91b47585f724a5c2bb04871b99c7,0.4.4,10/24/2020 11:47:58 AM,0,missing,0,0,Blue,Thunder,False,False,True,False,None,None,None,None,None,1,0
5217568a360e91b47585f724a5c2bb04871b99c7,0.4.4,10/24/2020 11:47:58 AM,0,missing,0,0,Blue,Fireball,False,False,True,False,None,None,None,None,None,0,3
5217568a360e91b47585f724a5c2bb04871b99c7,0.4.4,10/24/2020 11:47:58 AM,0,missing,1,0,Enemy,Bite,False,False,False,True,Huge Damage(Clone),1,|Paladin|,2,1,0,1
5217568a360e91b47585f724a5c2bb04871b99c7,0.4.4,10/24/2020 11:51:18 AM,0,missing,0,0,Orange,Strike,False,False,True,False,None,None,None,None,None,2,0
5217568a360e91b47585f724a5c2bb04871b99c7,0.4.4,10/24/2020 11:51:18 AM,0,missing,0,0,White,Steal,False,False,True,False,None,None,None,None,None,0,0
5217568a360e91b47585f724a5c2bb04871b99c7,0.4.4,10/24/2020 11:51:18 AM,0,missing,0,0,Orange,Stun,False,False,True,False,None,None,None,None,None,0,4
5217568a360e91b47585f724a5c2bb04871b99c7,0.4.4,10/24/2020 11:51:18 AM,0,missing,0,0,White,Learn,False,False,True,False,None,None,None,None,None,1,0
5217568a360e91b47585f724a5c2bb04871b99c7,0.4.4,10/24/2020 11:51:18 AM,0,missing,0,0,Blue,Fireball,False,False,True,False,None,None,None,None,None,0,3
5217568a360e91b47585f724a5c2bb04871b99c7,0.4.4,10/24/2020 11:51:18 AM,0,missing,1,0,Enemy,Spreading Spores,False,False,False,True,Space Denyer(Clone),4,|Space Denyer(Clone)|,0,0,0,3
5217568a360e91b47585f724a5c2bb04871b99c7,0.4.4,10/24/2020 11:51:18 AM,0,missing,1,0,Enemy,Spreading Spores,False,False,False,True,Space Denyer(Clone),5,|Space Denyer(Clone)|,0,0,0,3
5217568a360e91b47585f724a5c2bb04871b99c7,0.4.4,10/24/2020 3:50:36 PM,0,missing,0,1,White,Steal,False,False,False,True,Mimic,1,|Neutral(Clone)|,0,0,0,0
5217568a360e91b47585f724a5c2bb04871b99c7,0.4.4,10/24/2020 3:50:36 PM,0,missing,0,2,White,Learn,False,False,False,True,Mimic,1,|Paladin|,0,0,1,0
5217568a360e91b47585f724a5c2bb04871b99c7,0.4.4,10/24/2020 3:50:36 PM,0,missing,0,3,White,Flex,False,False,False,True,Mimic,1,|Mimic|,0,0,1,0
5217568a360e91b47585f724a5c2bb04871b99c7,0.4.4,10/24/2020 3:50:36 PM,0,missing,0,4,White,Ironstrike,False,False,False,True,Mimic,1,|Neutral(Clone)|Mimic|,1,0,1,0
5217568a360e91b47585f724a5c2bb04871b99c7,0.4.4,10/24/2020 3:50:36 PM,0,missing,0,5,White,Strike,False,False,False,True,Mimic,1,|Neutral(Clone)|,10,1,0,0
5217568a360e91b47585f724a5c2bb04871b99c7,0.4.4,10/24/2020 3:50:36 PM,0,missing,0,5,Blue,Cure,False,False,True,False,None,None,None,None,None,0,2
5217568a360e91b47585f724a5c2bb04871b99c7,0.4.4,10/24/2020 3:50:36 PM,0,missing,0,5,Orange,Lifesteal,False,False,True,False,None,None,None,None,None,0,1
5217568a360e91b47585f724a5c2bb04871b99c7,0.4.4,10/24/2020 3:50:36 PM,0,missing,0,5,Blue,Thunder,False,False,True,False,None,None,None,None,None,1,0
5217568a360e91b47585f724a5c2bb04871b99c7,0.4.4,10/24/2020 3:50:36 PM,0,missing,0,5,Blue,Thunder,False,False,True,False,None,None,None,None,None,1,0
5217568a360e91b47585f724a5c2bb04871b99c7,0.4.4,10/24/2020 3:50:36 PM,0,missing,1,1,Orange,Strike,False,False,False,True,Paladin,1,|Neutral(Clone)|,10,1,2,0
5217568a360e91b47585f724a5c2bb04871b99c7,0.4.4,10/24/2020 3:50:36 PM,0,missing,1,2,Blue,Thunder,False,False,False,True,Mage,1,|Neutral(Clone)|,16,0,1,0
5217568a360e91b47585f724a5c2bb04871b99c7,0.4.4,10/24/2020 3:50:36 PM,0,missing,1,3,Blue,Fireball,False,False,False,True,Mage,1,|Neutral(Clone)|,60,0,0,3
5217568a360e91b47585f724a5c2bb04871b99c7,0.4.4,10/24/2020 3:50:36 PM,0,missing,1,3,White,Steal,False,False,True,False,None,None,None,None,None,0,0
5217568a360e91b47585f724a5c2bb04871b99c7,0.4.4,10/24/2020 3:50:36 PM,0,missing,1,3,Orange,Strike,False,False,True,False,None,None,None,None,None,2,0
5217568a360e91b47585f724a5c2bb04871b99c7,0.4.4,10/24/2020 3:50:36 PM,1,missing,0,1,Orange,Strike,False,False,False,True,Paladin,1,|Armor Breaker(Clone)|,8,1,2,0
5217568a360e91b47585f724a5c2bb04871b99c7,0.4.4,10/24/2020 3:50:36 PM,1,missing,0,2,Blue,Thunder,False,False,False,True,Mage,1,|Armor Breaker(Clone)|,2,1,1,0
5217568a360e91b47585f724a5c2bb04871b99c7,0.4.4,10/24/2020 3:50:36 PM,1,missing,0,3,Blue,Fireball,False,False,False,True,Mage,1,|Armor Breaker(Clone)|,60,0,0,3
5217568a360e91b47585f724a5c2bb04871b99c7,0.4.4,10/24/2020 3:50:36 PM,1,missing,0,3,Orange,Stun,False,False,True,False,None,None,None,None,None,0,4
5217568a360e91b47585f724a5c2bb04871b99c7,0.4.4,10/24/2020 3:50:36 PM,1,missing,0,3,Blue,Cure,False,False,True,False,None,None,None,None,None,0,2
5217568a360e91b47585f724a5c2bb04871b99c7,0.4.4,10/24/2020 3:50:36 PM,1,missing,0,3,White,Flex,False,False,True,False,None,None,None,None,None,1,0
5217568a360e91b47585f724a5c2bb04871b99c7,0.4.4,10/24/2020 3:50:36 PM,1,missing,0,3,Orange,Lifesteal,False,False,True,False,None,None,None,None,None,0,1
5217568a360e91b47585f724a5c2bb04871b99c7,0.4.4,10/24/2020 3:50:36 PM,1,missing,1,0,Enemy,Armor Melter,False,False,False,True,Armor Breaker(Clone),1,|Mage|,2,1,1,0
5217568a360e91b47585f724a5c2bb04871b99c7,0.4.4,10/24/2020 3:50:36 PM,1,missing,1,1,White,Learn,False,False,False,True,Mimic,1,|Paladin|,0,0,1,0
5217568a360e91b47585f724a5c2bb04871b99c7,0.4.4,10/24/2020 3:50:36 PM,1,missing,1,2,White,Learn,False,False,False,True,Mimic,1,|Paladin|,0,0,1,0
5217568a360e91b47585f724a5c2bb04871b99c7,0.4.4,10/24/2020 3:50:36 PM,1,missing,1,3,Blue,Thunder,False,False,False,True,Mage,1,|Armor Breaker(Clone)|,1,1,1,0
5217568a360e91b47585f724a5c2bb04871b99c7,0.4.4,10/24/2020 3:50:36 PM,1,missing,1,4,White,Strike,False,False,False,True,Mimic,1,|Armor Breaker(Clone)|,8,1,0,0
5217568a360e91b47585f724a5c2bb04871b99c7,0.4.4,10/24/2020 3:50:36 PM,1,missing,1,5,White,Strike,False,False,False,True,Mimic,1,|Armor Breaker(Clone)|,40,0,0,0
5217568a360e91b47585f724a5c2bb04871b99c7,0.4.4,10/24/2020 3:50:36 PM,1,missing,1,6,Blue,Fireball,False,False,False,True,Mage,1,|Armor Breaker(Clone)|,60,0,0,3
5217568a360e91b47585f724a5c2bb04871b99c7,0.4.4,10/24/2020 3:50:36 PM,1,missing,1,6,White,Steal,False,False,True,False,None,None,None,None,None,0,0
